insert into tour_package (code, name) values
('BC', 'Backpack Cal'),
('CC', 'California Calm'),
('CH', 'California Hot springs'),
('CY', 'Cycle California'),
('DS', 'From Desert to Sea'),
('KC', 'Kids California'),
('NW', 'Nature Watch'),
('SC', 'Snowboard Cali'),
('TC', 'Taste of California');

insert into tour  (tour_package_code, title, description, blurb, bullets, difficulty, duration, price, region, keywords) values
  (
    'BC',
    'Big Sur Retreat',
    'The content for this field  is only available in the course exercise files found on the website library.',
    'The content for this field  is only available in the course exercise files found on the website library.',
    'The content for this field  is only available in the course exercise files found on the website library.',
   'Medium',
    '3 days',
    '750',
    'Central Coast',
    'Hiking, National Parks, Big Sur'
  );
  insert into tour  (tour_package_code, title, description, blurb, bullets, difficulty, duration, price, region, keywords) values

  (
   'BC',
    'In the Steps of John Muir',
    'The content for this field  is only available in the course exercise files found on the website library.',
    'The content for this field  is only available in the course exercise files found on the website library.',
    'The content for this field  is only available in the course exercise files found on the website library.',
   'Difficult',
    '3 days',
    '600',
    'Northern California',
    'Hiking, National Parks, Yosemite, John Muir, Camping'
  );
  insert into tour  (tour_package_code, title, description, blurb, bullets, difficulty, duration, price, region, keywords) values

  (
   'BC',
    'The Death Valley Survivor''s Trek',
     'The content for this field  is only available in the course exercise files found on the website library.',
     'The content for this field  is only available in the course exercise files found on the website library.',
     'The content for this field  is only available in the course exercise files found on the website library.',
     'Difficult',
    '2 days',
    '250',
    'Varies',
    'Hiking, Desert, Camping, Mojave, Death Valley'
  );
  insert into tour  (tour_package_code, title, description, blurb, bullets, difficulty, duration, price, region, keywords) values

  (
   'BC',
    'The Mt. Whitney Climbers Tour',
    'The content for this field  is only available in the course exercise files found on the website library.',
    'The content for this field  is only available in the course exercise files found on the website library.',
    'The content for this field  is only available in the course exercise files found on the website library.',
   'Difficult',
    '4 days',
    '650',
    'Northern California',
    'Hiking, Climbing, Backpacking, Mt. Whitney'
  ),
  (
   'BC',
    'Channel Islands Excursion',
     'The content for this field  is only available in the course exercise files found on the website library.',
     'The content for this field  is only available in the course exercise files found on the website library.',
     'The content for this field  is only available in the course exercise files found on the website library.',
   'Easy',
    '1 day',
    '150',
    'Southern California',
    'Channel Islands, Boating, Whale watching, Hiking'
  );
  insert into tour  (tour_package_code, title, description, blurb, bullets, difficulty, duration, price, region, keywords) values

  (
    'CC',
    'Day Spa Package',
     'The content for this field  is only available in the course exercise files found on the website library.',
     'The content for this field  is only available in the course exercise files found on the website library.',
     'The content for this field  is only available in the course exercise files found on the website library.',
   'Easy',
    '1 day',
    '550',
    'Southern California',
    'Spa, Relaxation, Ojai, Art, Yoga'
  ),
  (
    'CC',
    'Restoration Package',
    'The content for this field  is only available in the course exercise files found on the website library.',
    'The content for this field  is only available in the course exercise files found on the website library.',
    'The content for this field  is only available in the course exercise files found on the website library.',
   'Easy',
    '2 days',
    '900',
    'Varies',
    'Spa, Relaxation, Art, Yoga'
  ),
  (
    'CC',
    'Huntington Library and Pasadena Retreat Tour',
    'The content for this field  is only available in the course exercise files found on the website library.',
    'The content for this field  is only available in the course exercise files found on the website library.',
    'The content for this field  is only available in the course exercise files found on the website library.',
   'Easy',
    '1 day',
    '225',
    'Southern California',
    'Spa, Relaxation, Art, Yoga'
  );
  insert into tour  (tour_package_code, title, description, blurb, bullets, difficulty, duration, price, region, keywords) values

  (
    'CH',
    'Avila Beach Hot springs',
     'The content for this field  is only available in the course exercise files found on the website library.',
     'The content for this field  is only available in the course exercise files found on the website library.',
     'The content for this field  is only available in the course exercise files found on the website library.',
   'Easy',
    '3 days',
    '1000',
    'Central Coast',
    'Hot springs, hiking, cabin, beach, kayaking, hiking'
  );
  insert into tour  (tour_package_code, title, description, blurb, bullets, difficulty, duration, price, region, keywords) values

  (
    'CH',
    'Matilija Hot springs',
     'The content for this field  is only available in the course exercise files found on the website library.',
     'The content for this field  is only available in the course exercise files found on the website library.',
     'The content for this field  is only available in the course exercise files found on the website library.',
   'Easy',
    '3 days',
    '1000',
    'Central Coast',
    'Hot springs, Ojai, hiking, swimming, rustic, nature'
  );
  insert into tour  (tour_package_code, title, description, blurb, bullets, difficulty, duration, price, region, keywords) values

  (
    'CH',
    'Paso Robles Artesian Spring',
    'The content for this field  is only available in the course exercise files found on the website library.',
    'The content for this field  is only available in the course exercise files found on the website library.',
    'The content for this field  is only available in the course exercise files found on the website library.',
   'Easy',
    '2 days',
    '750',
    'Central Coast',
    'Hot springs, Spa treatment, Bed and breakfast'
  );
  insert into tour  (tour_package_code, title, description, blurb, bullets, difficulty, duration, price, region, keywords) values

  (
    'CY',
    'Amgen Tour of California Special',
    'The content for this field  is only available in the course exercise files found on the website library.',
    'The content for this field  is only available in the course exercise files found on the website library.',
    'The content for this field  is only available in the course exercise files found on the website library.',
   'Difficult',
    '14 days',
    '6000',
    'Northern California',
    'Cycling, Sports,'
  ),
  (
    'CY',
    'Monterey to Santa Barbara Tour',
     'The content for this field  is only available in the course exercise files found on the website library.',
     'The content for this field  is only available in the course exercise files found on the website library.',
     'The content for this field  is only available in the course exercise files found on the website library.',
   'Medium',
    '6 days',
    '2500',
    'Varies',
    'Cycling'
  ),
  (
    'CY',
    'Cycle California: My Way',
     'The content for this field  is only available in the course exercise files found on the website library.',
     'The content for this field  is only available in the course exercise files found on the website library.',
     'The content for this field  is only available in the course exercise files found on the website library.',
  'Varies',
    'Varies',
    '1200',
    'Varies',
    'Cycling'
  );
  insert into tour  (tour_package_code, title, description, blurb, bullets, difficulty, duration, price, region, keywords) values

  (
    'DS',
    '2 Days Adrift the Salton Sea',
     'The content for this field  is only available in the course exercise files found on the website library.',
     'The content for this field  is only available in the course exercise files found on the website library.',
     'The content for this field  is only available in the course exercise files found on the website library.',
  'Easy',
    '2 days',
    '350',
    'Southern California',
    'Boating, Fishing, Bird watching, Desert, Sea, Eco-Tour'
  );
  insert into tour  (tour_package_code, title, description, blurb, bullets, difficulty, duration, price, region, keywords) values

  (
    'DS',
    'Mojave to Malibu',
     'The content for this field  is only available in the course exercise files found on the website library.',
     'The content for this field  is only available in the course exercise files found on the website library.',
     'The content for this field  is only available in the course exercise files found on the website library.',
   'Difficult',
    '1 day',
    '200',
    'Southern California',
    'Motorcycle, Cycling, Mountains, Desert, Sea'
  );
  insert into tour  (tour_package_code, title, description, blurb, bullets, difficulty, duration, price, region, keywords) values

  (
    'DS',
    'Joshua Tree: Best of the West Tour',
    'The content for this field  is only available in the course exercise files found on the website library.',
    'The content for this field  is only available in the course exercise files found on the website library.',
    'The content for this field  is only available in the course exercise files found on the website library.',
   'Easy',
    '1 day',
    '150',
    'Southern California',
    'Hiking, Desert, Sea, California History, Theme park'
  );
  insert into tour  (tour_package_code, title, description, blurb, bullets, difficulty, duration, price, region, keywords) values

  (
    'KC',
    'Kids L.A. Tour',
    'The content for this field  is only available in the course exercise files found on the website library.',
    'The content for this field  is only available in the course exercise files found on the website library.',
    'The content for this field  is only available in the course exercise files found on the website library.',
   'Easy',
    '3 days',
    '1200',
    'Southern California',
    'Kid friendly, Museum,  Animals, Theme park'
  );
  insert into tour  (tour_package_code, title, description, blurb, bullets, difficulty, duration, price, region, keywords) values

  (
    'KC',
    'Islands of the Blue Dolphins Tour',
     'The content for this field  is only available in the course exercise files found on the website library.',
     'The content for this field  is only available in the course exercise files found on the website library.',
     'The content for this field  is only available in the course exercise files found on the website library.',
   'Easy',
    '1 day',
    '200',
    'Southern California',
    'California History, Kid friendly, Museum, Hiking, Animals'
  );
  insert into tour  (tour_package_code, title, description, blurb, bullets, difficulty, duration, price, region, keywords) values

  (
    'KC',
    'Eco-Tour',
    'The content for this field  is only available in the course exercise files found on the website library.',
    'The content for this field  is only available in the course exercise files found on the website library.',
    'The content for this field  is only available in the course exercise files found on the website library.',
   'Medium',
    '3 days',
    '750',
    'Southern California',
    'Boating, Farming, Animals, California History, Museum, Eco Tour'
  ),
  (
    'NW',
    'Endangered Species Expedition',
    'The content for this field  is only available in the course exercise files found on the website library.',
    'The content for this field  is only available in the course exercise files found on the website library.',
    'The content for this field  is only available in the course exercise files found on the website library.',
   'Medium',
    '3 days',
    '600',
    'Varies',
    'Eco Tour, Camping, Animals, Boating, Hiking'
  ),
  (
    'NW',
    'Fossil Tour',
    'The content for this field  is only available in the course exercise files found on the website library.',
    'The content for this field  is only available in the course exercise files found on the website library.',
    'The content for this field  is only available in the course exercise files found on the website library.',
   'Medium',
    '2 days',
    '500',
   'Varies',
    'Eco Tour, California History, Animals, Museum'
  ),
  (
    'NW',
    'Coastal Experience',
      'The content for this field  is only available in the course exercise files found on the website library.',
      'The content for this field  is only available in the course exercise files found on the website library.',
      'The content for this field  is only available in the course exercise files found on the website library.',
   'Easy',
    '4 days',
    '1500',
   'Varies',
    'Eco Tour, California History, Animals, Boating, Hiking'
  );
  insert into tour  (tour_package_code, title, description, blurb, bullets, difficulty, duration, price, region, keywords) values

  (
    'SC',
    'Mammoth Mountain Adventure',
    'The content for this field  is only available in the course exercise files found on the website library.',
    'The content for this field  is only available in the course exercise files found on the website library.',
    'The content for this field  is only available in the course exercise files found on the website library.',
   'Difficult',
    '4 days',
    '800',
    'Southern California',
    'Skiing, Snowboarding, Cabin, Hiking, Mountains'
  );
  insert into tour  (tour_package_code, title, description, blurb, bullets, difficulty, duration, price, region, keywords) values

  (
    'SC',
    'Mountain High Lift-off',
    'The content for this field  is only available in the course exercise files found on the website library.',
    'The content for this field  is only available in the course exercise files found on the website library.',
    'The content for this field  is only available in the course exercise files found on the website library.',
   'Difficult',
    '3 days',
    '800',
    'Southern California',
    'Skiing, Snowboarding, Cabin, Hiking, Mountains'
  );
  insert into tour  (tour_package_code, title, description, blurb, bullets, difficulty, duration, price, region, keywords) values

  (
    'SC',
    'Ski Lake Tahoe',
    'The content for this field  is only available in the course exercise files found on the website library.',
    'The content for this field  is only available in the course exercise files found on the website library.',
    'The content for this field  is only available in the course exercise files found on the website library.',
   'Difficult',
    '4 days',
  '1100',
    'Northern California',
    'Skiing, Snowboarding, Cabin, Hiking, Mountains'
  ),
  (
    'TC',
    'Olive Garden Tour',
    'The content for this field  is only available in the course exercise files found on the website library.',
    'The content for this field  is only available in the course exercise files found on the website library.',
    'The content for this field  is only available in the course exercise files found on the website library.',
   'Easy',
    '1 day',
    '75',
    'Southern California',
    'Tasting, Olive Oil, California History, Picnic, Nature, Farming'
  );
  insert into tour  (tour_package_code, title, description, blurb, bullets, difficulty, duration, price, region, keywords) values

  (
    'TC',
    'Oranges & Apples Tour',
    'The content for this field  is only available in the course exercise files found on the website library.',
    'The content for this field  is only available in the course exercise files found on the website library.',
    'The content for this field  is only available in the course exercise files found on the website library.',
   'Easy',
    '3 days',
    '350',
    'Southern California',
    'Tasting, Olive Oil, California History, Picnic, Nature, Farming'
    ),
  (
    'TC',
    'Hot Salsa Tour',
     'The content for this field  is only available in the course exercise files found on the website library.',
     'The content for this field  is only available in the course exercise files found on the website library.',
     'The content for this field  is only available in the course exercise files found on the website library.',
  'Easy',
    '3 days',
    '400',
    'Southern California',
    'Tasting, Oranges, Apples, California History, Picnic, Nature, Farming'
  ),
  (
    'TC',
    'A Week of Wine',
     'The content for this field  is only available in the course exercise files found on the website library.',
     'The content for this field  is only available in the course exercise files found on the website library.',
     'The content for this field  is only available in the course exercise files found on the website library.',
   'Easy',
    '5 days',
    '850',
    'Napa/Sonoma Counties',
    'Winery, hiking, relaxing, cooking, Napa Valley'
  );


  insert into tour_rating (tour_id, customer_id, score, comment) values
  (1, 4, 5, 'I loved it'),
  (1, 5, 5, 'We loved it'),
  (1, 6, 5, 'She loved it'),
  (1, 7, 5, 'He loved it'),
  (1, 8, 5, 'They loved it'),
  (1, 9, 5, 'Everbody loved it'),
  (1, 10, 1, 'I hated it'),
  (1, 11, 1, 'We hated it'),
  (2, 100, 5, 'I really thought it could have been better');
